{"base_files_url": "https://raw.githubusercontent.com/zakk4223/Mister64/0dd54dbcab79290e658b9cfd21e76635a4b4e441/", "db_id": "n64_dev", "db_url": "https://raw.githubusercontent.com/zakk4223/Mister64/db/db.json.zip", "files": {".gitignore": {"hash": "c399373a0d54da5397b1bd16002d7fdb", "size": 313, "tags": []}, "N64.qpf": {"hash": "03ffa149164c8e6884d9376733f366df", "size": 50, "tags": []}, "N64.qsf": {"hash": "3097ee98d65695022d5aa2815f93d507", "size": 3837, "tags": []}, "N64.sdc": {"hash": "0938876d8fdf9e14dc55f53e044e970f", "size": 1773, "tags": []}, "N64.srf": {"hash": "c993c4177327332aefd761f8c4233eed", "size": 5061, "tags": []}, "N64.sv": {"hash": "509cc46bf3e4278f429dcb7a1f868acf", "size": 18480, "tags": []}, "_Console/N64_20230913.rbf": {"hash": "8e24f471daa3c4b3c19b15cb6de4bc37", "size": 3829360, "tags": [11, 19, 20], "url": "https://github.com/RobertPeip/Mister64/releases/download/testbuild/N64_20230913.rbf"}, "clean.bat": {"hash": "cd1eb884928a1cd112cad4a750d6a82f", "size": 672, "tags": []}, "files.qip": {"hash": "f862a7e132e8685a3e17226de17357f6", "size": 374, "tags": []}, "rtl/AI.vhd": {"hash": "baa93c3c7d0fea4e622ff973b964c16b", "size": 14371, "tags": [16]}, "rtl/DDR3Mux.vhd": {"hash": "aa0432dffaca1b2f17cc8b6e8acbb25d", "size": 15751, "tags": [16]}, "rtl/MI.vhd": {"hash": "e833177dac43615409efc4a173fcd064", "size": 6333, "tags": [16]}, "rtl/N64.qip": {"hash": "ee3045c30bb26a66ab3d4fa567652df9", "size": 4459, "tags": [16]}, "rtl/PI.vhd": {"hash": "cf1ca23dc659a2c71a54477fa1cbec3b", "size": 28368, "tags": [16]}, "rtl/PIF.vhd": {"hash": "7fa50f1219a11e5ed7cf735276ca9468", "size": 37676, "tags": [16]}, "rtl/RDP.vhd": {"hash": "8e3f98112a153812f3de5ff132982cc5", "size": 90194, "tags": [16]}, "rtl/RDP_BlendColor.vhd": {"hash": "bbcddede53106862c6755601967e6567", "size": 8633, "tags": [16]}, "rtl/RDP_CombineAlpha.vhd": {"hash": "50fb811f8594b595c9227c98b658ad84", "size": 7360, "tags": [16]}, "rtl/RDP_CombineColor.vhd": {"hash": "b31ff5886d05cf271c110e896f0fa86c", "size": 7320, "tags": [16]}, "rtl/RDP_FBread.vhd": {"hash": "2008e74397d3eb38318c6c313aa2df62", "size": 4670, "tags": [16]}, "rtl/RDP_TexCoordClamp.vhd": {"hash": "2e431dd78b4c8bd04f68a25183fd9518", "size": 578, "tags": [16]}, "rtl/RDP_TexFetch.vhd": {"hash": "ef3365add346cc44654852e0e6130583", "size": 36164, "tags": [16]}, "rtl/RDP_TexSingle.vhd": {"hash": "b8877927df9146162d6416ba61d1a4cc", "size": 17347, "tags": [16]}, "rtl/RDP_TexTile.vhd": {"hash": "5e8eb28d93a698d2f81cbc3ca46c917d", "size": 7396, "tags": [16]}, "rtl/RDP_Zbuffer.vhd": {"hash": "437d1074367c3a6f66c6f43e3644ca3f", "size": 13741, "tags": [16]}, "rtl/RDP_command.vhd": {"hash": "d6730a94f59041869dcfbc2601124227", "size": 43692, "tags": [16]}, "rtl/RDP_package.vhd": {"hash": "307598102b8c89d3dde1a6d796a598f3", "size": 14348, "tags": [16]}, "rtl/RDP_pipeline.vhd": {"hash": "3c47844ea375765adc0578407fefd6fd", "size": 68893, "tags": [16]}, "rtl/RDP_raster.vhd": {"hash": "a6e89565cc8969382c80ee94e387e414", "size": 70763, "tags": [16]}, "rtl/RDRAMRegs.vhd": {"hash": "f5b7230b964f74d09fc8ca8cb1504226", "size": 2691, "tags": [16]}, "rtl/RI.vhd": {"hash": "083937e239cdf319acf57812c2660094", "size": 4384, "tags": [16]}, "rtl/RSP.vhd": {"hash": "922c09090fa427ec3934dcee94461d8d", "size": 35590, "tags": [16]}, "rtl/RSP_core.vhd": {"hash": "4353fa4ad1c8ba39b1fe3c4a2c0ca65e", "size": 123486, "tags": [16]}, "rtl/RSP_divsqrt.vhd": {"hash": "0912146ccc13d734bee284e34a6b425e", "size": 5532, "tags": [16]}, "rtl/RSP_divtable.vhd": {"hash": "cf111e623488ceb42e6ad43a5df896e9", "size": 9416, "tags": [16]}, "rtl/RSP_package.vhd": {"hash": "3d6ef48e8d51187f00307769f8f11373", "size": 1273, "tags": [16]}, "rtl/RSP_vector.vhd": {"hash": "1432bd94d760a9c11bc9e4c517272c24", "size": 22780, "tags": [16]}, "rtl/RamMLAB.vhd": {"hash": "5625d8077945bfe26d590d810f76718d", "size": 2072, "tags": [16]}, "rtl/SDRamMux.vhd": {"hash": "7944742fa4ec6f027da2585cb8afe81d", "size": 8995, "tags": [16]}, "rtl/SI.vhd": {"hash": "04419914ed85b9ff1cc2c9d6e8e0e00c", "size": 11945, "tags": [16]}, "rtl/SyncFifo.vhd": {"hash": "b31588b07a4607fcef8096c89eb5c854", "size": 2440, "tags": [16]}, "rtl/SyncFifoFallThrough.vhd": {"hash": "f78dc6af6163300fcbee44463c03e217", "size": 3452, "tags": [16]}, "rtl/SyncFifoFallThroughMLAB.vhd": {"hash": "4b1f3ebf3fe26f75fbdbb0f894aa087c", "size": 3422, "tags": [16]}, "rtl/SyncRam.vhd": {"hash": "240c9f3e26713dc25fd35c52c1c37fbb", "size": 907, "tags": [16]}, "rtl/SyncRamDual.vhd": {"hash": "330ea159bbcb14b3b436a8f2e84cb812", "size": 1535, "tags": [16]}, "rtl/SyncRamDualByteEnable.vhd": {"hash": "e161d4bd7eafb38fc0716ca5cd4b4482", "size": 7474, "tags": [16]}, "rtl/SyncRamDualNotPow2.vhd": {"hash": "22f55ee72247781f19caeb2d872c789a", "size": 1530, "tags": [16]}, "rtl/VI.vhd": {"hash": "a06918b72513dd5bda8b8310f826683c", "size": 24000, "tags": [16]}, "rtl/VI_overlay.vhd": {"hash": "76f6f3f1f5c25f5cdfe64f0f73098879", "size": 14750, "tags": [16]}, "rtl/VI_package.vhd": {"hash": "fd937b8fd21c4a04c1fc6568a344533f", "size": 1426, "tags": [16]}, "rtl/VI_videoout.vhd": {"hash": "c08a5f51011d7dcff111aab409f8921a", "size": 13325, "tags": [16]}, "rtl/VI_videoout_sync.vhd": {"hash": "9f8e28e170f6ef8e8fd495ebd9ede89c", "size": 14171, "tags": [16]}, "rtl/cpu.vhd": {"hash": "56e9abfed4c5a5f2d16cbc19ab969c4b", "size": 147727, "tags": [16]}, "rtl/cpu_FPU.vhd": {"hash": "598e15f3772e0c478c52b97f919879f4", "size": 71892, "tags": [16]}, "rtl/cpu_FPU_sqrt.vhd": {"hash": "1ce030a2be7a005daa1435d34820543e", "size": 3326, "tags": [16]}, "rtl/cpu_cop0.vhd": {"hash": "095ab8b85109604cc65d856c7cf441c9", "size": 31233, "tags": [16]}, "rtl/cpu_datacache.vhd": {"hash": "8786b15eed612dbfe08527292b3b0116", "size": 28186, "tags": [16]}, "rtl/cpu_instrcache.vhd": {"hash": "0084e73c86a8f5110798dc0a8389827c", "size": 7248, "tags": [16]}, "rtl/cpu_mul.vhd": {"hash": "edac498581512d85fbd9adc6938bbb4d", "size": 8947, "tags": [16]}, "rtl/divider.vhd": {"hash": "b1736c29d42a5cdd4fa7a998942fd839", "size": 5126, "tags": [16]}, "rtl/dpram.vhd": {"hash": "57b57fd98c5135190a8933308353ebc5", "size": 12085, "tags": [16]}, "rtl/export.vhd": {"hash": "f082d18c3e44d4ae17933a7cb4ecbb8d", "size": 9312, "tags": [16]}, "rtl/functions.vhd": {"hash": "45d6f9687a14be4cef92b1c6b3a2fc5a", "size": 2607, "tags": [16]}, "rtl/mem.qip": {"hash": "1fe0d234f4da021cf34e92aeab88106d", "size": 646, "tags": [16]}, "rtl/memorymux.vhd": {"hash": "c8b56558b70a455ce2cc26c5194a0988", "size": 20774, "tags": [16]}, "rtl/n64top.vhd": {"hash": "1513cae929b5e93b5f519a60c9e0aee0", "size": 57832, "tags": [16]}, "rtl/pifrom.vhd": {"hash": "06f0eb66ea2b4cefc08c16b00847e59c", "size": 20350, "tags": [16]}, "rtl/pll.qip": {"hash": "afb81bf1ad18917dbe7346aa1334fb88", "size": 51578, "tags": [16]}, "rtl/pll.v": {"hash": "a24091eccd4dbae64a47ad089b1bfc47", "size": 17224, "tags": [16]}, "rtl/pll/pll_0002.qip": {"hash": "99a0eef22f4f5d92aeaa9111dbb3537e", "size": 399, "tags": [16]}, "rtl/pll/pll_0002.v": {"hash": "d7144a98bc488cc94a607d0fb6b05d04", "size": 2201, "tags": [16]}, "rtl/pll2.qip": {"hash": "d100cfae051277b312a3879e36c3c86b", "size": 51700, "tags": [16]}, "rtl/pll2.v": {"hash": "a33f7269c4f57edfa16348cdaa3ba98f", "size": 17040, "tags": [16]}, "rtl/pll2/pll2_0002.qip": {"hash": "3717158821c9ee5fc71c2c509fc0e401", "size": 403, "tags": [16]}, "rtl/pll2/pll2_0002.v": {"hash": "1367058d690890f3a14fc5ffc32bdd89", "size": 2069, "tags": [16]}, "rtl/savemem.vhd": {"hash": "3cf715e89e0c4db931eea178bd577835", "size": 10214, "tags": [16]}, "rtl/savestate_ui.sv": {"hash": "618304e080dce342f0c1e117ea82598a", "size": 3604, "tags": [16]}, "rtl/savestates.vhd": {"hash": "19aa8e46c446dc2e33deba294fce0749", "size": 22553, "tags": [16]}, "rtl/sdram.sv": {"hash": "98eafe211b7608dc6716ada9d2e03a2c", "size": 10208, "tags": [16]}, "rtl/statemanager.vhd": {"hash": "7c8328f375cc2daa7ff81d0e59f4cd67", "size": 2002, "tags": [16]}, "sim/fpu/src/tb/tb.vhd": {"hash": "bf8ba539f0c55841d2edfbeec12b374c", "size": 9704, "tags": [17]}, "sim/fpu/startFPGA.bat": {"hash": "1bfae098fb7fd726a4a985276fbeb831", "size": 93, "tags": [17]}, "sim/fpu/vcom_all.bat": {"hash": "e08077c922d925797fabafd41af8c8d4", "size": 228, "tags": [17]}, "sim/fpu/vmap_all.bat": {"hash": "84880b48b511f4914d160b95c391d474", "size": 117, "tags": [17]}, "sim/fpu/vsim_start.bat": {"hash": "5154b76afc2eff1c06ecbd61f04ed2d1", "size": 33, "tags": [17]}, "sim/gpu/src/tb/tb.vhd": {"hash": "88e63cf52b43bb3a8914167fa3686738", "size": 21613, "tags": [17]}, "sim/gpu/vcom_all.bat": {"hash": "a4d22e5eeb00b8625d0a26067e58ea49", "size": 1088, "tags": [17]}, "sim/gpu/vmap_all.bat": {"hash": "84880b48b511f4914d160b95c391d474", "size": 117, "tags": [17]}, "sim/gpu/vsim_start.bat": {"hash": "5154b76afc2eff1c06ecbd61f04ed2d1", "size": 33, "tags": [17]}, "sim/pif/src/tb/tb.vhd": {"hash": "55e025d0ebb5f3218bef604e94e2cf64", "size": 5114, "tags": [17]}, "sim/pif/vcom_all.bat": {"hash": "04f8abc82fe502d72c860e6afdd9b33d", "size": 289, "tags": [17]}, "sim/pif/vmap_all.bat": {"hash": "84880b48b511f4914d160b95c391d474", "size": 117, "tags": [17]}, "sim/pif/vsim_start.bat": {"hash": "5154b76afc2eff1c06ecbd61f04ed2d1", "size": 33, "tags": [17]}, "sim/system/graeval.exe": {"hash": "74617862d085758ce9fd833bfbd66e51", "size": 12800, "tags": [17]}, "sim/system/src/mem/RamMLAB.vhd": {"hash": "6f1122b3866230e79ddaa858a59f8391", "size": 1122, "tags": [17]}, "sim/system/src/mem/SyncFifo.vhd": {"hash": "b31588b07a4607fcef8096c89eb5c854", "size": 2440, "tags": [17]}, "sim/system/src/mem/SyncRamDualByteEnable.vhd": {"hash": "56d1757af5d12e047222d8d766ae15ec", "size": 4819, "tags": [17]}, "sim/system/src/mem/dpram.vhd": {"hash": "2675f03f7691ce395a24910e5c095530", "size": 21963, "tags": [17]}, "sim/system/src/procbus/proc_bus.vhd": {"hash": "e339238962f2c55a423959769acf8228", "size": 7531, "tags": [17]}, "sim/system/src/procbus/testprocessor.vhd": {"hash": "15e0faf2f1b2e07df9f5b85972e77ceb", "size": 12822, "tags": [17]}, "sim/system/src/reg_map/reg_tb.vhd": {"hash": "f9ac32db6068e87c9530c8cfc33a4c59", "size": 5488, "tags": [17]}, "sim/system/src/rs232/rs232_receiver.vhd": {"hash": "07c2abf695ce79c0fd911412eb6b1b87", "size": 1798, "tags": [17]}, "sim/system/src/rs232/rs232_transmitter.vhd": {"hash": "3c1e27851e9a9fd37e837a84cf2bfd0d", "size": 1622, "tags": [17]}, "sim/system/src/rs232/tbrs232_receiver.vhd": {"hash": "9388a92df86ac74028686597bbdb99ed", "size": 724, "tags": [17]}, "sim/system/src/rs232/tbrs232_transmitter.vhd": {"hash": "b9d881132054bad04d47f424073456f2", "size": 806, "tags": [17]}, "sim/system/src/tb/cpu_mul.vhd": {"hash": "d0f7a74e7ace8d2bd8c03d7e0358aaef", "size": 851, "tags": [17]}, "sim/system/src/tb/ddrram_model.vhd": {"hash": "02fe4d4e202e2ae3816465439c768584", "size": 9618, "tags": [17]}, "sim/system/src/tb/framebuffer.vhd": {"hash": "ff950f8f7a9546d29a8855b0e75ad2d1", "size": 3080, "tags": [17]}, "sim/system/src/tb/globals.vhd": {"hash": "deccaec208d0a3cf4b34ae7a4fad36b3", "size": 519, "tags": [17]}, "sim/system/src/tb/sdram_model.vhd": {"hash": "5253c76398bac4abe71fa3734a638464", "size": 6757, "tags": [17]}, "sim/system/src/tb/stringprocessor.vhd": {"hash": "89ec2589696ff4dfe2e06494fb1f2d19", "size": 13019, "tags": [17]}, "sim/system/src/tb/tb.vhd": {"hash": "2682aa0d62b219612641cc1c2ccec8d8", "size": 9894, "tags": [17]}, "sim/system/src/tb/tb_interpreter.vhd": {"hash": "a2c3cfb336d486bb80fd0c904746ed88", "size": 3268, "tags": [17]}, "sim/system/src/tb/tb_savestates.vhd": {"hash": "ba0789e4416eec5c251258fb9ad5188d", "size": 5574, "tags": [17]}, "sim/system/tests/lib.lua": {"hash": "1e00eee08702aba98c4fc7b821bd56f5", "size": 1925, "tags": [17]}, "sim/system/tests/luareg.lua": {"hash": "9a39e549cb6ec9f797748df3cd88166f", "size": 3235, "tags": [17]}, "sim/system/tests/pifrom.lua": {"hash": "0883d9dc02e0970915fa1243c7755870", "size": 2188, "tags": [17]}, "sim/system/tests/vsim_comm.lua": {"hash": "b1358949cb4ffcb175ad0ec8a082feb8", "size": 9586, "tags": [17]}, "sim/system/vcom_all.bat": {"hash": "2b746e3d1abf6e36fc1cea4f0e2a2577", "size": 2190, "tags": [17]}, "sim/system/vmap_all.bat": {"hash": "9134a9930cad11c7d0baceb0eb352f74", "size": 240, "tags": [17]}, "sim/system/vsim_start.bat": {"hash": "5154b76afc2eff1c06ecbd61f04ed2d1", "size": 33, "tags": [17]}, "sys/alsa.sv": {"hash": "9eaf021673e7420682f7cdf2ac78dabe", "size": 3798, "tags": [18]}, "sys/arcade_video.v": {"hash": "a6d72f259986bb9ecf8320b8e00cc445", "size": 8100, "tags": [18]}, "sys/ascal.vhd": {"hash": "5fb64fb71173f50626a1b0fb0afe1b6a", "size": 90715, "tags": [18]}, "sys/audio_out.v": {"hash": "540f6cb2d80f48c4667aaf8f63b39c76", "size": 4504, "tags": [18]}, "sys/build_id.tcl": {"hash": "95695867e3f7ad259e867ce8a50e6f53", "size": 2129, "tags": [18]}, "sys/ddr_svc.sv": {"hash": "c5e75b8b0d91c5dce8da29a19fae1fbc", "size": 2554, "tags": [18]}, "sys/f2sdram_safe_terminator.sv": {"hash": "1024b154d1b1f9665c51db7b98899232", "size": 8142, "tags": [18]}, "sys/gamma_corr.sv": {"hash": "35a64bef9c109d8f2d06a95bcd7e74c9", "size": 3186, "tags": [18]}, "sys/hps_io.sv": {"hash": "47080d42553d7afa14ec8850e7ea919d", "size": 25998, "tags": [18]}, "sys/hq2x.sv": {"hash": "9c86ef9bc5707f3869b72b607f131fa1", "size": 10537, "tags": [18]}, "sys/i2c.v": {"hash": "533eb4fb732dba3fefee4a012e65e11d", "size": 2166, "tags": [18]}, "sys/i2s.v": {"hash": "bd010225490a2ae5d0484e6faf920e50", "size": 839, "tags": [18]}, "sys/iir_filter.v": {"hash": "076e1775f9b47ec5b6e4224eeb56c92f", "size": 5446, "tags": [18]}, "sys/ltc2308.sv": {"hash": "e575f9b51cc642a0da439c964c188585", "size": 3568, "tags": [18]}, "sys/math.sv": {"hash": "5324230ababfc088e5ee9644bbb13577", "size": 1956, "tags": [18]}, "sys/mcp23009.sv": {"hash": "b631aeabd1946534a268845673e5ead4", "size": 1656, "tags": [18]}, "sys/mt32pi.sv": {"hash": "be83ce0b9461d1feb3b559016c65eede", "size": 5967, "tags": [18]}, "sys/osd.v": {"hash": "e00ef443aeff4efeba22550586f08c45", "size": 7645, "tags": [18]}, "sys/pll.13.qip": {"hash": "8164bc60c2cc0b2d32427ea4a39c13ed", "size": 1185, "tags": [18]}, "sys/pll_audio.13.qip": {"hash": "cb056d1938a9357e79b67a8bc7345fb4", "size": 1384, "tags": [18]}, "sys/pll_audio.qip": {"hash": "9a32507aeff8ec958a9216590ff980a0", "size": 55038, "tags": [18]}, "sys/pll_audio.v": {"hash": "66a450ffd07745862365565bc155eb79", "size": 17061, "tags": [18]}, "sys/pll_audio/pll_audio_0002.qip": {"hash": "3aaa7202e2f1c7f717952df28db08f9b", "size": 423, "tags": [18]}, "sys/pll_audio/pll_audio_0002.v": {"hash": "68925d95bb603296e91906bb4da343f8", "size": 2074, "tags": [18]}, "sys/pll_cfg.qip": {"hash": "28f8eb43d9d9302406bf59b8e08902b7", "size": 5357, "tags": [18]}, "sys/pll_cfg.v": {"hash": "04df8df2ff29d81e1bb628a93fc3e781", "size": 4541, "tags": [18]}, "sys/pll_cfg/altera_pll_reconfig_core.v": {"hash": "9633b8763ca7d9e9d913fd051b6cad45", "size": 82923, "tags": [18]}, "sys/pll_cfg/altera_pll_reconfig_top.v": {"hash": "0a545e64e80b24683613917506e60c98", "size": 14410, "tags": [18]}, "sys/pll_hdmi.13.qip": {"hash": "049b10c76864935d4a02f9a3f0e86b32", "size": 1361, "tags": [18]}, "sys/pll_hdmi.qip": {"hash": "78c6625debbaa5f626491d387583d0c0", "size": 76832, "tags": [18]}, "sys/pll_hdmi.v": {"hash": "728a288e54df88838703f1779b034d34", "size": 17549, "tags": [18]}, "sys/pll_hdmi/pll_hdmi_0002.qip": {"hash": "8d064be9b37481d57594270c24bf6c2b", "size": 223, "tags": [18]}, "sys/pll_hdmi/pll_hdmi_0002.v": {"hash": "2f22057d2973a25b9d5116a6bd10b0f3", "size": 6242, "tags": [18]}, "sys/pll_hdmi_adj.vhd": {"hash": "14c4641e5c65f82c062563dc0b82f794", "size": 11988, "tags": [18]}, "sys/pll_q13.qip": {"hash": "2e5562ff0e4c4723f4e1798e60ca8ff6", "size": 609, "tags": [18]}, "sys/pll_q17.qip": {"hash": "7299d71063813f230fc43c4df5af3b0c", "size": 341, "tags": [18]}, "sys/scandoubler.v": {"hash": "70639e49f3c428ba69435a02970c3c28", "size": 4697, "tags": [18]}, "sys/scanlines.v": {"hash": "9d46d7078e3212e7321bc3f40dd533e9", "size": 1441, "tags": [18]}, "sys/sd_card.sv": {"hash": "bf9be76e60af33b34dc31a75c2dd8874", "size": 12475, "tags": [18]}, "sys/shadowmask.sv": {"hash": "f8cbfcc6b637091ae3f4c573de523e52", "size": 3617, "tags": [18]}, "sys/sigma_delta_dac.v": {"hash": "ea9ceb4b7a1478c520b39d9fc0f0ba0d", "size": 934, "tags": [18]}, "sys/spdif.v": {"hash": "f854533036be285d31d803e33a9c6cd6", "size": 9218, "tags": [18]}, "sys/sys.qip": {"hash": "2741ffcc370114d37f1790e9dbb90aeb", "size": 3211, "tags": [18]}, "sys/sys.tcl": {"hash": "d9caadc719382b304b876d1b3224b585", "size": 11309, "tags": [18]}, "sys/sys_analog.tcl": {"hash": "136afdf9a5430ac6fb1c3f78496ce3e2", "size": 3014, "tags": [18]}, "sys/sys_dual_sdram.tcl": {"hash": "01b80ad8b1518aa940bd242432474563", "size": 2508, "tags": [18]}, "sys/sys_top.sdc": {"hash": "09dc429f250c98db196b05d279478ff7", "size": 3346, "tags": [18]}, "sys/sys_top.v": {"hash": "61f1647c65f9eac52de7b68391483dd2", "size": 40954, "tags": [18]}, "sys/sysmem.sv": {"hash": "7feca576229bed9e3865d264c8654cb1", "size": 16222, "tags": [18]}, "sys/vga_out.sv": {"hash": "807172adaf49146d153208e31fb6f0e9", "size": 2042, "tags": [18]}, "sys/video_cleaner.sv": {"hash": "fb8c122ed6a86f626bf2cb3dbe8193ba", "size": 1618, "tags": [18]}, "sys/video_freak.sv": {"hash": "0adc0f739d78bf76f27df0984d1e3106", "size": 5644, "tags": [18]}, "sys/video_freezer.sv": {"hash": "5c2675a34fd64762c26f41c53c3c1271", "size": 2828, "tags": [18]}, "sys/video_mixer.sv": {"hash": "913800fe110173b3b68272ea484112b2", "size": 4496, "tags": [18]}, "sys/yc_out.sv": {"hash": "cfa3af2ff2a1e306caa1c5bbeff9111d", "size": 9923, "tags": [18]}, "|games/N64/N64-database.txt": {"hash": "f31b285509c561bfc038f375a10eb775", "overwrite": true, "size": 87425, "tags": [20, 21, 22], "url": "https://raw.githubusercontent.com/MiSTer-devel/N64_ROM_Database/main/N64-database.txt"}}, "folders": {"_Console": {"tags": [11, 19]}, "rtl": {"tags": [16]}, "rtl/pll": {"tags": [16, 23]}, "rtl/pll2": {"tags": [16, 24]}, "sim": {"tags": [17]}, "sim/fpu": {"tags": [17, 25]}, "sim/fpu/src": {"tags": [17, 25]}, "sim/fpu/src/tb": {"tags": [17, 25]}, "sim/gpu": {"tags": [17, 26]}, "sim/gpu/src": {"tags": [17, 26]}, "sim/gpu/src/tb": {"tags": [17, 26]}, "sim/pif": {"tags": [17, 27]}, "sim/pif/src": {"tags": [17, 27]}, "sim/pif/src/tb": {"tags": [17, 27]}, "sim/system": {"tags": [17, 28]}, "sim/system/src": {"tags": [17, 28]}, "sim/system/src/mem": {"tags": [17, 28]}, "sim/system/src/procbus": {"tags": [17, 28]}, "sim/system/src/reg_map": {"tags": [17, 28]}, "sim/system/src/rs232": {"tags": [17, 28]}, "sim/system/src/tb": {"tags": [17, 28]}, "sim/system/tests": {"tags": [17, 28]}, "sys": {"tags": [18]}, "sys/pll_audio": {"tags": [18, 29]}, "sys/pll_cfg": {"tags": [18, 30]}, "sys/pll_hdmi": {"tags": [18, 31]}, "|games": {"tags": [21]}, "|games/N64": {"tags": [20, 21]}}, "tag_dictionary": {"console": 11, "consolecores": 11, "cores": 19, "extrautilities": 22, "fpu": 25, "games": 21, "gpu": 26, "n64": 20, "pif": 27, "pll": 23, "pll2": 24, "pllaudio": 29, "pllcfg": 30, "pllhdmi": 31, "rtl": 16, "sim": 17, "sys": 18, "system": 28}, "timestamp": 1705666765}